{
  "train_accs_mean": 0.4380071785268414,
  "dev_accs_mean": 0.43112322131395703,
  "test_accs_mean": 0.428657616892911,
  "train_accs_std": 0.003551749899107713,
  "dev_accs_std": 0.0022656114966842045,
  "test_accs_std": 0.0021008127114908286,
  "train_accs": [
    0.44300093632958804,
    0.43597846441947563,
    0.43504213483146065
  ],
  "dev_accs": [
    0.43415077202543145,
    0.4287011807447775,
    0.4305177111716621
  ],
  "test_accs": [
    0.4257918552036199,
    0.4294117647058823,
    0.4307692307692308
  ],
  "best_iters": [
    15000,
    13500,
    14000
  ],
  "list_of_losses": [
    [
      397.33134722709656,
      394.057861328125,
      393.26140451431274,
      393.5687358379364,
      393.2202204465866,
      392.2620279788971,
      392.63921415805817,
      391.5073035955429,
      391.0538161993027,
      389.938915848732,
      389.0288475751877,
      387.19781386852264,
      383.8209606409073,
      378.52393341064453,
      368.44882667064667,
      363.3707685470581,
      358.9503562450409,
      354.8027648925781,
      356.72985208034515,
      351.8144495487213,
      351.38365864753723,
      349.17846274375916,
      347.5274558067322,
      348.48951148986816,
      341.48324859142303,
      344.7071843147278,
      341.8267194032669,
      341.3708201646805,
      338.86658585071564,
      339.06965386867523,
      336.8102208375931,
      340.1532875299454,
      334.4708641767502,
      333.7228561639786,
      335.3053420782089,
      333.4686760902405,
      330.66020107269287,
      333.93449461460114,
      330.95150411129,
      332.1836825609207,
      329.6792377233505,
      329.61045956611633,
      328.25530856847763,
      328.010617017746,
      328.41676568984985,
      331.73297041654587,
      325.9430529475212,
      328.26337373256683,
      325.34347999095917,
      328.27723348140717,
      325.1698260307312,
      325.6317375302315,
      327.1072700023651,
      322.51862251758575,
      325.0794851779938,
      325.4841932654381,
      325.414319396019,
      321.3007913827896,
      323.08673083782196,
      324.6897073984146
    ],
    [
      395.80308413505554,
      394.2720478773117,
      395.22116553783417,
      393.61051893234253,
      393.5148195028305,
      392.2510448694229,
      392.76022720336914,
      391.21352791786194,
      390.4516808986664,
      389.8091027736664,
      389.7160451412201,
      386.9437381029129,
      381.9312301874161,
      377.50222861766815,
      372.1869651079178,
      363.9781118631363,
      361.24935925006866,
      360.0692160129547,
      355.282018661499,
      353.59077548980713,
      350.66252040863037,
      349.3977028131485,
      348.31691098213196,
      347.0801272392273,
      343.94928205013275,
      343.1078155040741,
      343.77626955509186,
      339.4243093729019,
      339.51152181625366,
      337.54243433475494,
      337.84101700782776,
      336.1934952735901,
      334.94686114788055,
      335.5745599269867,
      333.99885058403015,
      331.8025814294815,
      334.9219161272049,
      332.9283059835434,
      329.4515768289566,
      332.85940957069397,
      329.9085921049118,
      330.47461557388306,
      328.5313711166382,
      330.4824502468109,
      329.42784917354584,
      328.58520686626434,
      327.41650903224945,
      327.2607707977295,
      325.48794424533844,
      326.22418987751007,
      322.9913727045059,
      327.0330914258957,
      324.0188670158386,
      326.82469713687897,
      320.4991203546524,
      324.9525920152664,
      324.78526532649994,
      324.2698721885681,
      322.2914168834686,
      321.44557654857635
    ],
    [
      396.7273768186569,
      393.98557817935944,
      394.14903235435486,
      393.2656968832016,
      393.1155049800873,
      392.24562561511993,
      392.1487445831299,
      391.5649149417877,
      390.875505566597,
      388.6429491043091,
      388.5689104795456,
      385.8795123100281,
      380.2530561685562,
      373.21587312221527,
      367.3202311992645,
      362.0995639562607,
      359.72815096378326,
      356.69459199905396,
      356.1673673391342,
      353.24708569049835,
      351.9061578512192,
      348.8240065574646,
      346.33130872249603,
      348.2756515741348,
      346.4232498407364,
      344.1926369667053,
      342.1519569158554,
      340.232959151268,
      340.2831528186798,
      340.18568205833435,
      338.55681002140045,
      335.6151000261307,
      337.235399723053,
      333.2884018421173,
      335.8538541793823,
      331.2064504623413,
      334.21865129470825,
      333.1760884523392,
      328.4319828748703,
      329.6071012020111,
      331.6312104463577,
      330.478285074234,
      328.2569532394409,
      328.72488194704056,
      328.6443008184433,
      326.023579120636,
      328.0457614660263,
      325.7922862768173,
      326.53651946783066,
      324.82078444957733,
      326.90296399593353,
      324.1705809831619,
      322.57952892780304,
      327.406423330307,
      322.57560634613037,
      323.8453593850136,
      322.19141697883606,
      323.8414558172226,
      320.587848007679,
      322.2196480035782
    ]
  ],