{
  "train_accs_mean": 0.6040106117353309,
  "dev_accs_mean": 0.37178322736905844,
  "test_accs_mean": 0.3597285067873303,
  "train_accs_std": 0.023583599813368973,
  "dev_accs_std": 0.008595258593144658,
  "test_accs_std": 0.022717756249719185,
  "train_accs": [
    0.6024110486891385,
    0.5759597378277154,
    0.6336610486891385
  ],
  "dev_accs": [
    0.37693006357856496,
    0.3787465940054496,
    0.35967302452316074
  ],
  "test_accs": [
    0.36877828054298645,
    0.38190045248868776,
    0.32850678733031674
  ],
  "best_iters": [
    25000,
    23000,
    28000
  ],
  "list_of_losses": [
    [
      1609.889298260212,
      1549.762873083353,
      1568.3785400986671,
      1552.9429319500923,
      1527.1761835813522,
      1530.6759363412857,
      1485.2778767347336,
      1487.1029936671257,
      1431.6506263315678,
      1356.4423091113567,
      1380.5444504916668,
      1400.0942596495152,
      1348.6521589457989,
      1356.1068007946014,
      1355.0201872587204,
      1330.6252282857895,
      1391.6059843599796,
      1192.956882148981,
      1218.035410374403,
      1144.9406869411469,
      1213.9077877402306,
      1203.6230524778366,
      1187.8239135742188,
      1155.0986065119505,
      1212.989020690322,
      1098.9077510014176,
      980.2401523143053,
      959.5308278426528,
      964.146571252495,
      1019.410055398941
    ],
    [
      1591.3577316999435,
      1560.7578120827675,
      1573.2425581216812,
      1537.3793960213661,
      1519.2336773872375,
      1528.9912937879562,
      1518.816004216671,
      1498.0403609871864,
      1452.6657885611057,
      1367.302013516426,
      1363.3996839821339,
      1375.0372333228588,
      1382.4095039367676,
      1375.9441275894642,
      1331.9378924667835,
      1338.359152674675,
      1324.6048596203327,
      1177.7198020666838,
      1194.6022228002548,
      1204.3826712220907,
      1160.2352624610066,
      1194.421888589859,
      1135.5489705502987,
      1195.9367834627628,
      1175.9914161935449,
      1085.8772484213114,
      1020.1850871220231,
      1002.6253692358732,
      1016.5510478764772,
      956.149501696229
    ],
    [
      1602.4909797906876,
      1584.5057980418205,
      1569.4545217752457,
      1534.1154087781906,
      1531.8182719349861,
      1511.6673993468285,
      1494.3721620440483,
      1504.953453719616,
      1446.0822242498398,
      1371.0378644764423,
      1373.58910754323,
      1361.2942001521587,
      1366.0435151159763,
      1367.2016435861588,
      1360.9548217952251,
      1376.4833122491837,
      1333.2685763835907,
      1168.761899381876,
      1154.689359113574,
      1152.5486819446087,
      1178.190392896533,
      1181.1009722203016,
      1194.9413110613823,
      1188.5194950699806,
      1204.6765995770693,
      1134.0058747678995,
      971.0575183853507,
      1022.033815767616,
      947.8047992773354,
      961.2273775935173
    ]
  ],
  "list_of_accuracies": [
    [
      0.28973660308810173,
      0.3042688465031789,
      0.27157129881925524,
      0.3151680290644868,
      0.3115349682107175,
      0.31244323342415986,
      0.3042688465031789,
      0.33787465940054495,
      0.33060853769300635,
      0.33424159854677565,
      0.3206176203451408,
      0.3387829246139873,
      0.34877384196185285,
      0.36693914623069934,
      0.3387829246139873,
      0.34332425068119893,
      0.368755676657584,
      0.36330608537693004,
      0.33787465940054495,
      0.3442325158946412,
      0.35149863760217986,
      0.3723887375113533,
      0.3405994550408719,
      0.3569482288828338,
      0.37693006357856496,
      0.3760217983651226,
      0.3605812897366031,
      0.35149863760217986,
      0.36330608537693004,
      0.3569482288828338
    ],
    [
      0.28610354223433243,
      0.31607629427792916,
      0.29791099000908267,
      0.32515894641235243,
      0.329700272479564,
      0.3369663941871026,
      0.3215258855585831,
      0.3315168029064487,
      0.3260672116257947,
      0.3315168029064487,
      0.3424159854677566,
      0.3315168029064487,
      0.3569482288828338,
      0.33242506811989103,
      0.36330608537693004,
      0.35876475930971846,
      0.35876475930971846,
      0.36693914623069934,
      0.3369663941871026,
      0.36239782016348776,
      0.3460490463215259,
      0.3605812897366031,
      0.3787465940054496,
      0.35603996366939145,
      0.3542234332425068,
      0.37057220708446864,
      0.35240690281562215,
      0.35603996366939145,
      0.34514078110808355,
      0.3760217983651226
    ],
    [
      0.259763851044505,
      0.27338782924613986,
      0.3033605812897366,
      0.30517711171662126,
      0.27520435967302453,
      0.3278837420526794,
      0.3242506811989101,
      0.33242506811989103,
      0.3133514986376022,
      0.3097184377838329,
      0.3278837420526794,
      0.31607629427792916,
      0.3405994550408719,
      0.34150772025431425,
      0.35149863760217986,
      0.3369663941871026,
      0.3369663941871026,
      0.335149863760218,
      0.3496821071752952,
      0.3505903723887375,
      0.3387829246139873,
      0.3424159854677566,
      0.3505903723887375,
      0.3424159854677566,
      0.3142597638510445,
      0.3496821071752952,
      0.3260672116257947,
      0.35967302452316074,
      0.3533151680290645,
      0.3533151680290645
    ]
  ]
}