{
  "train_accs_mean": 0.46063514357053686,
  "dev_accs_mean": 0.43808658795034816,
  "test_accs_mean": 0.4381598793363499,
  "train_accs_std": 0.0006217765859280944,
  "dev_accs_std": 0.001866307600051162,
  "test_accs_std": 0.0024599557210105627,
  "train_accs": [
    0.4606741573033708,
    0.461376404494382,
    0.4598548689138577
  ],
  "dev_accs": [
    0.4359673024523161,
    0.4405086285195277,
    0.43778383287920075
  ],
  "test_accs": [
    0.4416289592760181,
    0.43619909502262444,
    0.43665158371040724
  ],
  "best_iters": [
    15000,
    15000,
    14000
  ],
  "list_of_losses": [
    [
      1575.6352833509445,
      1559.0151985883713,
      1466.973303437233,
      1399.9129712581635,
      1370.0433789491653,
      1345.0536675453186,
      1328.4828618764877,
      1313.4979615211487,
      1302.4031602144241,
      1293.9546204805374,
      1284.901355087757,
      1272.2100784778595,
      1265.2271406054497,
      1257.486265361309,
      1252.8763486146927
    ],
    [
      1574.217805147171,
      1562.3935986757278,
      1477.4393935203552,
      1412.103109240532,
      1371.6202529668808,
      1345.5898073911667,
      1329.8384939432144,
      1315.935420870781,
      1301.0572041273117,
      1293.3772960305214,
      1283.4719037413597,
      1275.172737956047,
      1266.8099005818367,
      1258.0321457982063,
      1252.8388376235962
    ],
    [
      1574.9196872711182,
      1561.5664439201355,
      1464.1762578487396,
      1396.9968795776367,
      1365.228908777237,
      1345.326984167099,
      1325.2802066206932,
      1312.4486936330795,
      1301.242503643036,
      1291.450201034546,
      1281.6147726774216,
      1272.5763201713562,
      1263.7208470106125,
      1256.0632786154747,
      1251.1728308796883
    ]
  ],
  "list_of_accuracies": [
    [
      0.28428701180744775,
      0.3569482288828338,
      0.36966394187102636,
      0.3787465940054496,
      0.39146230699364215,
      0.3978201634877384,
      0.4069028156221617,
      0.40599455040871935,
      0.4032697547683924,
      0.4187102633969119,
      0.4087193460490463,
      0.4178019981834696,
      0.4287011807447775,
      0.41689373297002724,
      0.4359673024523161
    ],
    [
      0.254314259763851,
      0.3260672116257947,
      0.3569482288828338,
      0.3832879200726612,
      0.39509536784741145,
      0.39872842870118075,
      0.4014532243415077,
      0.4150772025431426,
      0.4114441416893733,
      0.40962761126248864,
      0.41689373297002724,
      0.4159854677565849,
      0.4305177111716621,
      0.4359673024523161,
      0.4405086285195277
    ],
    [
      0.2851952770208901,
      0.3333333333333333,
      0.3787465940054496,
      0.3887375113533152,
      0.3978201634877384,
      0.3941871026339691,
      0.39872842870118075,
      0.4187102633969119,
      0.40599455040871935,
      0.410535876475931,
      0.4214350590372389,
      0.4223433242506812,
      0.4123524069028156,
      0.43778383287920075,
      0.4323342415985468
    ]
  ]
}