{
  "train_accs_mean": 0.4178370786516854,
  "dev_accs_mean": 0.4202240387526491,
  "test_accs_mean": 0.41900452488687784,
  "train_accs_std": 0.003496901660470731,
  "dev_accs_std": 0.004709763604633368,
  "test_accs_std": 0.00741676672889547,
  "train_accs": [
    0.4174859550561798,
    0.41374063670411987,
    0.42228464419475653
  ],
  "dev_accs": [
    0.4268846503178928,
    0.41689373297002724,
    0.41689373297002724
  ],
  "test_accs": [
    0.41990950226244345,
    0.4276018099547511,
    0.4095022624434389
  ],
  "best_iters": [
    26000,
    23000,
    29000
  ],
  "list_of_losses": [
    [
      1580.4671865701675,
      1582.8641076087952,
      1564.0920017957687,
      1540.7766495347023,
      1552.1839792132378,
      1522.1254872083664,
      1528.7046126127243,
      1516.1932220458984,
      1519.977923989296,
      1490.721630871296,
      1500.236054301262,
      1460.5800911188126,
      1461.1264847517014,
      1429.7135443091393,
      1428.0755802989006,
      1428.6793539524078,
      1397.944504737854,
      1416.9322220087051,
      1400.5244460105896,
      1396.6170355975628,
      1383.0630329549313,
      1398.826579630375,
      1370.9600632190704,
      1413.7503617107868,
      1356.8619990050793,
      1378.8945662379265,
      1355.6598772108555,
      1363.7839255928993,
      1374.9040318727493,
      1373.1760850548744
    ],
    [
      1593.5316271781921,
      1564.5614130496979,
      1555.7803972959518,
      1545.7449145317078,
      1547.270305633545,
      1517.8074647188187,
      1537.7306590080261,
      1524.2648240923882,
      1506.97291380167,
      1482.7812559604645,
      1472.5092678070068,
      1484.179782986641,
      1475.1571534872055,
      1456.5302606225014,
      1428.048320055008,
      1426.1457877159119,
      1437.100638628006,
      1399.7977638840675,
      1405.7706243395805,
      1390.9817090630531,
      1403.4756035804749,
      1390.9166667759418,
      1380.5205208659172,
      1373.849803775549,
      1392.1576710939407,
      1381.9622128009796,
      1364.7895490825176,
      1364.689636617899,
      1359.5133179426193,
      1366.5944491028786
    ],
    [
      1586.299035191536,
      1549.0524280071259,
      1561.820686340332,
      1557.4308098554611,
      1553.239744901657,
      1548.9998696446419,
      1524.532968223095,
      1520.698842704296,
      1496.2446283698082,
      1465.0348036289215,
      1470.874914944172,
      1453.3254857063293,
      1461.0144265294075,
      1450.9080206751823,
      1441.515892446041,
      1425.317954480648,
      1440.7821174263954,
      1402.5307317376137,
      1416.1193941235542,
      1397.0495426356792,
      1398.9084178805351,
      1407.537688434124,
      1402.6708382368088,
      1357.2694110274315,
      1368.5421785116196,
      1357.6661975085735,
      1364.5232524573803,
      1355.0900545716286,
      1376.9178685843945,
      1350.4861518740654
    ]
  ],
  "list_of_accuracies": [
    [
      0.27883742052679383,
      0.30517711171662126,
      0.2688465031789282,
      0.27520435967302453,
      0.2742960944595822,
      0.33969118982742963,
      0.3242506811989101,
      0.28973660308810173,
      0.3188010899182561,
      0.3079019073569482,
      0.3405994550408719,
      0.3178928247048138,
      0.3614895549500454,
      0.36239782016348776,
      0.36603088101725706,
      0.32879200726612173,
      0.3142597638510445,
      0.3642143505903724,
      0.3578564940962761,
      0.37329700272479566,
      0.3424159854677566,
      0.3896457765667575,
      0.3851044504995459,
      0.3832879200726612,
      0.3923705722070845,
      0.4268846503178928,
      0.37693006357856496,
      0.3978201634877384,
      0.4214350590372389,
      0.3941871026339691
    ],
    [
      0.27974568574023617,
      0.26248864668483196,
      0.28428701180744775,
      0.3315168029064487,
      0.30154405086285196,
      0.3260672116257947,
      0.3151680290644868,
      0.29427792915531337,
      0.35240690281562215,
      0.29518619436875565,
      0.3215258855585831,
      0.30154405086285196,
      0.29427792915531337,
      0.35876475930971846,
      0.39691189827429607,
      0.36239782016348776,
      0.37329700272479566,
      0.3832879200726612,
      0.3960036330608538,
      0.37693006357856496,
      0.37693006357856496,
      0.3751135331516803,
      0.41689373297002724,
      0.3478655767484105,
      0.40962761126248864,
      0.368755676657584,
      0.3860127157129882,
      0.410535876475931,
      0.39146230699364215,
      0.3787465940054496
    ],
    [
      0.28247048138056313,
      0.27974568574023617,
      0.3024523160762943,
      0.3060853769300636,
      0.32334241598546776,
      0.3069936421435059,
      0.34150772025431425,
      0.3478655767484105,
      0.35240690281562215,
      0.3242506811989101,
      0.35149863760217986,
      0.35967302452316074,
      0.3578564940962761,
      0.3614895549500454,
      0.3505903723887375,
      0.3760217983651226,
      0.3605812897366031,
      0.37329700272479566,
      0.3796548592188919,
      0.3796548592188919,
      0.3796548592188919,
      0.38056312443233425,
      0.3960036330608538,
      0.3578564940962761,
      0.3542234332425068,
      0.3887375113533152,
      0.3869209809264305,
      0.3814713896457766,
      0.41689373297002724,
      0.39509536784741145
    ]
  ]
}