{
  "train_accs_mean": 0.44315699126092384,
  "dev_accs_mean": 0.4238570996064184,
  "test_accs_mean": 0.4368024132730015,
  "train_accs_std": 0.004904881216951214,
  "dev_accs_std": 0.002997122293857622,
  "test_accs_std": 0.0026727066586228186,
  "train_accs": [
    0.43679775280898875,
    0.443937265917603,
    0.4487359550561798
  ],
  "dev_accs": [
    0.4259763851044505,
    0.4196185286103542,
    0.4259763851044505
  ],
  "test_accs": [
    0.4330316742081448,
    0.43846153846153846,
    0.43891402714932126
  ],
  "best_iters": [
    14250,
    13000,
    14250
  ],
  "list_of_losses": [
    [
      396.30081605911255,
      393.9019626379013,
      391.4695086479187,
      393.04219102859497,
      392.35148561000824,
      391.3912191390991,
      390.94147193431854,
      390.943682551384,
      391.4711549282074,
      390.83051908016205,
      388.7680444717407,
      386.8008314371109,
      387.1858595609665,
      381.8090213537216,
      375.5282669067383,
      370.1189043521881,
      362.5298081636429,
      357.67983543872833,
      354.9299838542938,
      354.4391978979111,
      350.66848599910736,
      348.47607231140137,
      346.6927729845047,
      348.1685826778412,
      341.1666524410248,
      343.1120399236679,
      339.8582566976547,
      341.7833026647568,
      338.5918353796005,
      340.37326896190643,
      336.81556701660156,
      335.5041494369507,
      333.74487912654877,
      334.66803616285324,
      331.5099278688431,
      333.36552381515503,
      331.6410149335861,
      331.5493469238281,
      330.6780799627304,
      327.2327936887741,
      329.4368920326233,
      328.2616534233093,
      327.57499527931213,
      327.64752805233,
      325.94795644283295,
      324.76000130176544,
      325.76445865631104,
      325.0146372318268,
      325.9945664405823,
      323.53814882040024,
      321.34558767080307,
      324.48861742019653,
      322.3528597354889,
      320.1567063331604,
      322.06814563274384,
      323.00319957733154,
      319.12821102142334,
      317.8847767710686,
      320.2593847513199,
      321.0070251226425
    ],
    [
      394.64616799354553,
      394.82679212093353,
      392.14573299884796,
      394.69374454021454,
      392.0215553045273,
      391.9176639318466,
      391.5453201532364,
      391.283406496048,
      389.6444813013077,
      389.9837095737457,
      389.18653988838196,
      387.06490218639374,
      383.6200134754181,
      381.37879168987274,
      373.50328063964844,
      366.2704757452011,
      362.5977417230606,
      356.38910734653473,
      355.6848438978195,
      354.17690539360046,
      349.56811022758484,
      348.8778373003006,
      348.8259904384613,
      342.555916428566,
      347.02626514434814,
      342.3799180984497,
      342.51665937900543,
      341.33555805683136,
      340.72015833854675,
      337.58787286281586,
      338.1123112440109,
      337.78950893878937,
      333.95944702625275,
      335.23704266548157,
      334.37090718746185,
      334.21608901023865,
      333.17224860191345,
      330.3778070807457,
      331.58585143089294,
      331.59190487861633,
      329.5285087823868,
      331.0687698125839,
      325.47661888599396,
      327.8682619333267,
      326.46015042066574,
      327.2143147587776,
      324.2472025156021,
      325.9461611509323,
      324.22519505023956,
      324.56366312503815,
      323.8064908981323,
      323.6909590959549,
      323.8959055542946,
      321.12030732631683,
      321.86328625679016,
      322.6207314133644,
      322.02494859695435,
      319.3378793001175,
      318.0966635942459,
      319.1458038687706
    ],
    [
      394.9499982595444,
      393.65090453624725,
      392.82367157936096,
      392.17769503593445,
      391.9299566745758,
      392.7677322626114,
      390.7392293214798,
      391.34662640094757,
      390.51335394382477,
      390.6629287004471,
      388.83018732070923,
      387.7196855545044,
      385.96676433086395,
      381.56905126571655,
      374.2207409143448,
      366.9377933740616,
      363.2070381641388,
      359.40621042251587,
      356.160852432251,
      354.1984848976135,
      348.001531124115,
      349.98696660995483,
      348.04204964637756,
      344.50490069389343,
      343.38194739818573,
      344.9319279193878,
      340.8891078233719,
      340.55675637722015,
      340.786412358284,
      339.1855102777481,
      336.5146939754486,
      336.92707228660583,
      337.0487930774689,
      332.70925545692444,
      335.39649003744125,
      334.01993811130524,
      331.86972880363464,
      330.2835764288902,
      332.1511585712433,
      330.0560886859894,
      329.6540639400482,
      329.78796315193176,
      327.0683695077896,
      328.9626353979111,
      326.5888909101486,
      327.6224248409271,
      323.1680715084076,
      324.11140298843384,
      325.90082705020905,
      324.9947808980942,
      322.9029715061188,
      325.2868506908417,
      320.8914393186569,
      323.9880347251892,
      320.17536717653275,
      322.5721524953842,
      319.96469593048096,
      320.4959071278572,
      320.0284309387207,
      318.7746526002884
    ]
  ],