{
  "train_accs_mean": 0.31956148564294634,
  "dev_accs_mean": 0.2736905843172873,
  "test_accs_mean": 0.25852187028657614,
  "train_accs_std": 0.0003617984743873122,
  "dev_accs_std": 0.0015437540156199745,
  "test_accs_std": 0.00129748495732168,
  "train_accs": [
    0.3197565543071161,
    0.3190543071161049,
    0.319873595505618
  ],
  "dev_accs": [
    0.27520435967302453,
    0.2742960944595822,
    0.27157129881925524
  ],
  "test_accs": [
    0.25701357466063346,
    0.2583710407239819,
    0.26018099547511314
  ],
  "best_iters": [
    29000,
    29000,
    28000
  ],
  "list_of_losses": [
    [
      5439.886549828544,
      5090.709523444802,
      4664.701783004581,
      4494.693517382877,
      4409.454044828176,
      4365.090522028713,
      4360.465879672804,
      4309.12435211467,
      4114.358509943932,
      4009.276871228274,
      3976.742414073994,
      3981.560560126045,
      3854.0449168930754,
      3889.635866014496,
      3891.67739067989,
      3886.0681903451696,
      3611.0412434791733,
      3564.203028805351,
      3550.989249291757,
      3401.8328021971647,
      3488.964521729671,
      3393.208672375908,
      3429.463594929088,
      3185.982328152826,
      3431.174897035561,
      3224.063605014384,
      3165.450560097837,
      3032.6808855805175,
      3076.9035436473114,
      3000.749555730571
    ],
    [
      5436.938548489374,
      4836.315089517571,
      4797.362534477729,
      4640.177364872081,
      4589.129222635885,
      4341.300901011651,
      4264.485654143256,
      4175.574026857876,
      4172.552675524205,
      3883.7647305837227,
      3962.070982303587,
      4013.084798590652,
      3888.219230524968,
      3788.5360773211373,
      3785.4910583781166,
      3921.9780193137394,
      3662.809999061849,
      3361.107532968468,
      3372.4827605569317,
      3710.188393247283,
      3436.0753730345423,
      3291.9902945189315,
      3395.0353309397306,
      3382.5189103171742,
      3468.688721756128,
      3326.449948823203,
      3105.742112668915,
      2901.589880870044,
      3069.7400838576505,
      2958.401571152306
    ],
    [
      5091.743219442453,
      5222.01756535357,
      4841.941334795362,
      4644.217800117445,
      4232.786870000752,
      4315.746670563292,
      4416.6963767452635,
      4312.843967290683,
      4070.163569803677,
      4031.8340173208016,
      4113.341802835459,
      4105.544514714255,
      3758.2642115467534,
      3818.8175347096003,
      3758.483453419046,
      3749.5566527425635,
      3759.220519204002,
      3637.537555339773,
      3577.5237891598335,
      3497.3389029009777,
      3435.2424466711745,
      3524.5858087772676,
      3258.277075258091,
      3402.413105347223,
      3203.9415784784687,
      3243.3037268546595,
      3040.307719953158,
      3041.902292117462,
      3196.7428416851253,
      3101.377728335571
    ]
  ],
  "list_of_accuracies": [
    [
      0.2161671207992734,
      0.22161671207992734,
      0.22161671207992734,
      0.23069936421435058,
      0.23524069028156222,
      0.23705722070844687,
      0.23978201634877383,
      0.24250681198910082,
      0.24250681198910082,
      0.23887375113533152,
      0.23796548592188918,
      0.24250681198910082,
      0.24250681198910082,
      0.24704813805631246,
      0.24704813805631246,
      0.24977293369663942,
      0.2524977293369664,
      0.254314259763851,
      0.24977293369663942,
      0.2506811989100817,
      0.2579473206176203,
      0.25885558583106266,
      0.2615803814713896,
      0.2652134423251589,
      0.26248864668483196,
      0.2615803814713896,
      0.2688465031789282,
      0.2706630336058129,
      0.27520435967302453,
      0.2742960944595822
    ],
    [
      0.21435059037238874,
      0.22161671207992734,
      0.22252497729336967,
      0.22979109900090827,
      0.23342415985467757,
      0.23796548592188918,
      0.24069028156221617,
      0.23887375113533152,
      0.23887375113533152,
      0.24250681198910082,
      0.24250681198910082,
      0.24250681198910082,
      0.24069028156221617,
      0.24341507720254316,
      0.24704813805631246,
      0.24704813805631246,
      0.25158946412352406,
      0.24613987284287012,
      0.24795640326975477,
      0.2524977293369664,
      0.254314259763851,
      0.25340599455040874,
      0.2561307901907357,
      0.2579473206176203,
      0.26430517711171664,
      0.2670299727520436,
      0.27157129881925524,
      0.27157129881925524,
      0.2742960944595822,
      0.2724795640326976
    ],
    [
      0.21435059037238874,
      0.21889191643960038,
      0.2198001816530427,
      0.22979109900090827,
      0.23524069028156222,
      0.24069028156221617,
      0.23978201634877383,
      0.24250681198910082,
      0.23887375113533152,
      0.23796548592188918,
      0.24250681198910082,
      0.24613987284287012,
      0.24341507720254316,
      0.24341507720254316,
      0.24704813805631246,
      0.24795640326975477,
      0.2506811989100817,
      0.25158946412352406,
      0.2561307901907357,
      0.26067211625794734,
      0.25703905540417804,
      0.25885558583106266,
      0.26248864668483196,
      0.2652134423251589,
      0.26067211625794734,
      0.2670299727520436,
      0.26612170753860126,
      0.27157129881925524,
      0.26975476839237056,
      0.27157129881925524
    ]
  ]
}