{
  "train_accs_mean": 0.24461610486891386,
  "dev_accs_mean": 0.233726914925825,
  "test_accs_mean": 0.22066365007541477,
  "train_accs_std": 0.0008331053567440078,
  "dev_accs_std": 0.0008563206553878865,
  "test_accs_std": 0.0007690828828948366,
  "train_accs": [
    0.24531835205992508,
    0.24344569288389514,
    0.24508426966292135
  ],
  "dev_accs": [
    0.23251589464123523,
    0.23433242506811988,
    0.23433242506811988
  ],
  "test_accs": [
    0.22171945701357465,
    0.21990950226244343,
    0.22036199095022624
  ],
  "best_iters": [
    10000,
    10000,
    10000
  ],
  "list_of_losses": [
    [
      5727.482492322577,
      5293.681867140578,
      4946.568546176,
      4917.247278706364,
      4569.053971907188,
      4408.119081342246,
      4327.217695787121,
      4303.477637859814,
      4324.37859295162,
      3818.0957591396036
    ],
    [
      5525.944359156341,
      5378.611443620406,
      4818.9714056004705,
      4873.129552917103,
      4465.069337330832,
      4295.849200757397,
      4296.202936373804,
      4701.971376631962,
      4449.437730875353,
      4108.9639705473655
    ],
    [
      5894.43916551927,
      5070.594134410866,
      4841.275432991119,
      4789.602797682328,
      4549.39705044592,
      4536.104162579499,
      4335.997377806993,
      4253.223327187153,
      4481.00106568324,
      4087.728040699145
    ]
  ],
  "list_of_accuracies": [
    [
      0.18346957311534967,
      0.1907356948228883,
      0.1907356948228883,
      0.2016348773841962,
      0.20799273387829245,
      0.2161671207992734,
      0.22161671207992734,
      0.22252497729336967,
      0.22524977293369663,
      0.23251589464123523
    ],
    [
      0.18528610354223432,
      0.18710263396911897,
      0.19709355131698456,
      0.2016348773841962,
      0.20708446866485014,
      0.21889191643960038,
      0.2198001816530427,
      0.22252497729336967,
      0.22615803814713897,
      0.23433242506811988
    ],
    [
      0.18710263396911897,
      0.18891916439600362,
      0.1943687556766576,
      0.1989100817438692,
      0.2089009990917348,
      0.21889191643960038,
      0.22161671207992734,
      0.22797456857402362,
      0.22524977293369663,
      0.23433242506811988
    ]
  ]
}