{
  "train_accs_mean": 0.6634675405742821,
  "dev_accs_mean": 0.34514078110808355,
  "test_accs_mean": 0.3452488687782806,
  "train_accs_std": 0.020375778706553646,
  "dev_accs_std": 0.008552495847305809,
  "test_accs_std": 0.006313257778719863,
  "train_accs": [
    0.6818820224719101,
    0.635065543071161,
    0.6734550561797753
  ],
  "dev_accs": [
    0.34150772025431425,
    0.3569482288828338,
    0.3369663941871026
  ],
  "test_accs": [
    0.33710407239819007,
    0.34615384615384615,
    0.35248868778280545
  ],
  "best_iters": [
    28000,
    25000,
    27000
  ],
  "list_of_losses": [
    [
      2712.751006955077,
      2203.6550414422527,
      2161.432904439047,
      1996.2641659080982,
      1961.2339515443891,
      1884.261340379715,
      1868.2773105036467,
      1845.5829890088644,
      1760.9169655553997,
      1651.5538047188893,
      1668.6909200800583,
      1629.4091268288903,
      1590.6169865783304,
      1575.1913771648542,
      1622.6798392392811,
      1614.82366456429,
      1547.2208428571466,
      1295.635654277139,
      1269.6268122754263,
      1275.3647144501156,
      1292.1720098152873,
      1370.141378625558,
      1303.5642933567287,
      1397.7657710375788,
      1325.669968219634,
      1166.916116447006,
      919.3832266638492,
      1014.7868450569656,
      1005.4726273501292,
      1045.8830895321043
    ],
    [
      2683.090543912025,
      2202.3547109132633,
      2155.091502919793,
      1995.4517850233242,
      1979.9170335959643,
      1879.0012521808967,
      1837.3463901411742,
      1875.0076339314692,
      1733.1889729406685,
      1556.3164243828505,
      1592.781876083929,
      1625.3870874253334,
      1637.8071003784426,
      1654.8577926987782,
      1606.2409332628595,
      1594.3315853474196,
      1682.9693113475514,
      1301.0985740537872,
      1240.6039617112256,
      1329.1252661960025,
      1301.7410840855155,
      1356.123655955831,
      1300.1499402525806,
      1322.0570657969001,
      1365.4244144889526,
      1199.8495061053545,
      978.718969410842,
      943.7069425592235,
      1040.4204299285138,
      1062.7000857096791
    ],
    [
      2649.1116209654137,
      2304.883964377339,
      2148.2330323038623,
      1962.1690107290633,
      1901.2546350434422,
      1874.2169255360495,
      1900.6092897839844,
      1847.8654652452096,
      1775.3251424641348,
      1583.1451698401943,
      1581.0821789675392,
      1588.92391885072,
      1655.8709722030908,
      1545.0231050171424,
      1727.7480268834624,
      1633.4743586931145,
      1614.6786833214574,
      1286.8467236487486,
      1281.6817130660638,
      1306.6294362056942,
      1323.7148120956736,
      1246.8906698320206,
      1367.0271656874393,
      1325.4333043456536,
      1323.99251553859,
      1249.0471514432138,
      943.9544296122328,
      969.0187769937766,
      1046.3838573350222,
      1003.4670759477985
    ]
  ],
  "list_of_accuracies": [
    [
      0.22888283378746593,
      0.22070844686648503,
      0.26067211625794734,
      0.2615803814713896,
      0.2488646684831971,
      0.259763851044505,
      0.2724795640326976,
      0.2851952770208901,
      0.28428701180744775,
      0.2652134423251589,
      0.296094459582198,
      0.28701180744777477,
      0.30517711171662126,
      0.31244323342415986,
      0.3142597638510445,
      0.30881017257039056,
      0.3060853769300636,
      0.29518619436875565,
      0.3042688465031789,
      0.3033605812897366,
      0.3006357856494096,
      0.31607629427792916,
      0.3242506811989101,
      0.3006357856494096,
      0.3079019073569482,
      0.32879200726612173,
      0.33060853769300635,
      0.34150772025431425,
      0.33060853769300635,
      0.32334241598546776
    ],
    [
      0.23887375113533152,
      0.28065395095367845,
      0.27338782924613986,
      0.3069936421435059,
      0.27883742052679383,
      0.27702089009990916,
      0.2706630336058129,
      0.2561307901907357,
      0.29791099000908267,
      0.29064486830154407,
      0.2924613987284287,
      0.26612170753860126,
      0.3106267029972752,
      0.30517711171662126,
      0.30154405086285196,
      0.2924613987284287,
      0.3069936421435059,
      0.3097184377838329,
      0.3006357856494096,
      0.3033605812897366,
      0.28792007266121705,
      0.29427792915531337,
      0.3178928247048138,
      0.3369663941871026,
      0.3569482288828338,
      0.33060853769300635,
      0.32334241598546776,
      0.3115349682107175,
      0.3142597638510445,
      0.33060853769300635
    ],
    [
      0.22524977293369663,
      0.259763851044505,
      0.27338782924613986,
      0.29427792915531337,
      0.24159854677565848,
      0.25340599455040874,
      0.27338782924613986,
      0.2633969118982743,
      0.27520435967302453,
      0.3060853769300636,
      0.3224341507720254,
      0.2779291553133515,
      0.27974568574023617,
      0.2997275204359673,
      0.31244323342415986,
      0.2997275204359673,
      0.29427792915531337,
      0.31244323342415986,
      0.3178928247048138,
      0.33242506811989103,
      0.30881017257039056,
      0.3278837420526794,
      0.3097184377838329,
      0.31244323342415986,
      0.3151680290644868,
      0.3260672116257947,
      0.3369663941871026,
      0.3188010899182561,
      0.3315168029064487,
      0.3169845594913715
    ]
  ]
}