{
  "train_accs_mean": 0.41541822721598004,
  "dev_accs_mean": 0.4056917953375719,
  "test_accs_mean": 0.42126696832579186,
  "train_accs_std": 0.00427516464787851,
  "dev_accs_std": 0.0030875080312399565,
  "test_accs_std": 0.0012798312781656922,
  "train_accs": [
    0.40941011235955055,
    0.4178370786516854,
    0.4190074906367041
  ],
  "dev_accs": [
    0.4087193460490463,
    0.4014532243415077,
    0.4069028156221617
  ],
  "test_accs": [
    0.42036199095022625,
    0.4230769230769231,
    0.42036199095022625
  ],
  "best_iters": [
    27000,
    30000,
    30000
  ],
  "list_of_losses": [
    [
      1595.6358309984207,
      1570.5419626235962,
      1561.4917209744453,
      1578.5786882638931,
      1564.947830080986,
      1583.2315875291824,
      1572.496102154255,
      1560.3561282157898,
      1564.1783324480057,
      1554.6908754706383,
      1506.427948474884,
      1466.2341104149818,
      1489.935093820095,
      1473.0044904649258,
      1470.5271441042423,
      1440.5986697673798,
      1434.370733141899,
      1436.7082155048847,
      1428.6788374781609,
      1404.9311803877354,
      1377.231917321682,
      1407.488325983286,
      1403.7886871397495,
      1374.263974249363,
      1373.2417216598988,
      1340.5698928833008,
      1372.424323439598,
      1355.0630251765251,
      1374.3152231872082,
      1339.5869842469692
    ],
    [
      1582.4120804071426,
      1577.5365221500397,
      1562.3480252027512,
      1574.3609842658043,
      1571.3914140462875,
      1572.7978899478912,
      1570.045072555542,
      1563.156076848507,
      1576.7051638364792,
      1545.1638643145561,
      1520.8197754621506,
      1490.38929104805,
      1489.8182047605515,
      1464.5191046595573,
      1432.1617983579636,
      1423.029818803072,
      1430.4225631058216,
      1448.249641597271,
      1415.966655910015,
      1404.5114353895187,
      1413.3839921951294,
      1361.9701942503452,
      1417.0278672873974,
      1381.8553345799446,
      1360.698773264885,
      1369.675608754158,
      1367.4813359379768,
      1373.539201527834,
      1303.8923019468784,
      1354.7957841157913
    ],
    [
      1576.3178616762161,
      1578.1734639406204,
      1575.7693729996681,
      1560.8385259509087,
      1572.6517803668976,
      1586.9053183794022,
      1569.934015750885,
      1563.647578239441,
      1547.6358917951584,
      1533.1121910214424,
      1524.7720843553543,
      1486.8773780465126,
      1468.192500114441,
      1454.370168209076,
      1453.9653634428978,
      1437.6501868367195,
      1458.2680502533913,
      1423.4488134980202,
      1419.0908477902412,
      1395.7557208538055,
      1393.8395383358002,
      1389.0359105467796,
      1410.3113308548927,
      1382.2084903120995,
      1361.3832423388958,
      1370.7719745635986,
      1341.0033763349056,
      1354.0406952500343,
      1382.8282083272934,
      1337.3694332540035
    ]
  ],
  "list_of_accuracies": [
    [
      0.26067211625794734,
      0.25522252497729336,
      0.25340599455040874,
      0.298819255222525,
      0.254314259763851,
      0.3169845594913715,
      0.3224341507720254,
      0.26612170753860126,
      0.32334241598546776,
      0.34150772025431425,
      0.33787465940054495,
      0.3533151680290645,
      0.3614895549500454,
      0.3569482288828338,
      0.37057220708446864,
      0.36693914623069934,
      0.3651226158038147,
      0.3760217983651226,
      0.3860127157129882,
      0.3887375113533152,
      0.3860127157129882,
      0.3860127157129882,
      0.3905540417801998,
      0.3887375113533152,
      0.4014532243415077,
      0.3860127157129882,
      0.4087193460490463,
      0.39146230699364215,
      0.36330608537693004,
      0.40417801998183467
    ],
    [
      0.2688465031789282,
      0.2688465031789282,
      0.2633969118982743,
      0.254314259763851,
      0.2561307901907357,
      0.2888283378746594,
      0.26248864668483196,
      0.298819255222525,
      0.329700272479564,
      0.33060853769300635,
      0.36239782016348776,
      0.3496821071752952,
      0.3651226158038147,
      0.34514078110808355,
      0.3614895549500454,
      0.3496821071752952,
      0.36693914623069934,
      0.35513169845594916,
      0.37783832879200724,
      0.36966394187102636,
      0.3923705722070845,
      0.3823796548592189,
      0.3923705722070845,
      0.38782924613987285,
      0.38419618528610355,
      0.3814713896457766,
      0.37420526793823794,
      0.39146230699364215,
      0.3905540417801998,
      0.4014532243415077
    ],
    [
      0.25340599455040874,
      0.3024523160762943,
      0.25522252497729336,
      0.3069936421435059,
      0.26793823796548594,
      0.27883742052679383,
      0.2706630336058129,
      0.29791099000908267,
      0.32697547683923706,
      0.34332425068119893,
      0.34332425068119893,
      0.3496821071752952,
      0.3542234332425068,
      0.35513169845594916,
      0.3614895549500454,
      0.3614895549500454,
      0.3751135331516803,
      0.3578564940962761,
      0.3505903723887375,
      0.3578564940962761,
      0.35967302452316074,
      0.3814713896457766,
      0.3996366939146231,
      0.3860127157129882,
      0.3923705722070845,
      0.3814713896457766,
      0.37329700272479566,
      0.3860127157129882,
      0.3960036330608538,
      0.4069028156221617
    ]
  ]
}