{
  "train_accs_mean": 0.6226201622971286,
  "dev_accs_mean": 0.4171964880411747,
  "test_accs_mean": 0.41990950226244345,
  "train_accs_std": 0.03101780688974925,
  "dev_accs_std": 0.005466385130265759,
  "test_accs_std": 0.0038924548719649755,
  "train_accs": [
    0.6578885767790262,
    0.5823970037453183,
    0.6275749063670412
  ],
  "dev_accs": [
    0.4196185286103542,
    0.40962761126248864,
    0.4223433242506812
  ],
  "test_accs": [
    0.4149321266968326,
    0.42036199095022625,
    0.4244343891402715
  ],
  "best_iters": [
    8000,
    6000,
    7000
  ],
  "list_of_losses": [
    [
      1573.0245368480682,
      1499.9111140966415,
      1354.798270225525,
      1242.439000070095,
      1156.3731667399406,
      1068.3280704021454,
      988.8860183954239,
      915.8801460266113,
      838.4647250175476,
      780.0451529324055,
      716.0843432545662,
      655.6352890431881,
      596.5157769620419,
      550.4206482023001,
      505.91645435988903
    ],
    [
      1572.5506385564804,
      1502.8350358009338,
      1355.767315030098,
      1247.7085145115852,
      1158.6718879938126,
      1074.8815174102783,
      1006.2831277251244,
      927.688326716423,
      857.9976980686188,
      790.63134598732,
      727.0855033099651,
      670.700384169817,
      611.3167317509651,
      561.0820466279984,
      511.3465505540371
    ],
    [
      1571.5974036455154,
      1500.7535635232925,
      1357.8242375850677,
      1246.072389781475,
      1158.0757160782814,
      1072.1179638504982,
      999.0587459206581,
      927.2647294402122,
      854.9168340563774,
      782.8127672374249,
      721.7631652653217,
      663.452750980854,
      604.5177645087242,
      553.5881669968367,
      511.1907130777836
    ]
  ],
  "list_of_accuracies": [
    [
      0.3097184377838329,
      0.3787465940054496,
      0.39509536784741145,
      0.39691189827429607,
      0.4178019981834696,
      0.39872842870118075,
      0.4014532243415077,
      0.4196185286103542,
      0.3932788374205268,
      0.39691189827429607,
      0.40054495912806537,
      0.3796548592188919,
      0.3851044504995459,
      0.38419618528610355,
      0.37783832879200724
    ],
    [
      0.27974568574023617,
      0.3723887375113533,
      0.3860127157129882,
      0.3896457765667575,
      0.407811080835604,
      0.40962761126248864,
      0.40599455040871935,
      0.3960036330608538,
      0.3996366939146231,
      0.3896457765667575,
      0.3814713896457766,
      0.3996366939146231,
      0.3896457765667575,
      0.39146230699364215,
      0.3887375113533152
    ],
    [
      0.2970027247956403,
      0.36966394187102636,
      0.39146230699364215,
      0.3996366939146231,
      0.4123524069028156,
      0.40417801998183467,
      0.4223433242506812,
      0.3978201634877384,
      0.4187102633969119,
      0.39146230699364215,
      0.3923705722070845,
      0.3923705722070845,
      0.39146230699364215,
      0.3905540417801998,
      0.37693006357856496
    ]
  ]
}