{"losses": [702.8219430446625, 668.3767418861389, 659.4782342910767, 657.8944914340973, 652.8790004253387, 650.4708774089813, 648.6071908473969, 650.1672854423523, 644.8217718601227, 645.5638422966003, 643.32674741745, 641.2264456748962, 640.5115361213684, 638.3131132125854, 639.9477941989899, 639.179349899292, 638.0706355571747, 634.7421741485596, 636.7017393112183, 634.4186358451843, 637.7739398479462, 634.7011303901672, 634.6544268131256, 634.759458065033, 632.9614067077637, 635.6234896183014, 635.1952922344208, 634.5048367977142, 636.3037819862366, 632.5618152618408, 634.8844149112701, 630.7364876270294, 636.663031578064, 631.5025105476379, 631.6323809623718, 635.2193982601166, 632.8304724693298, 632.6660368442535, 633.637006521225, 630.7158010005951, 632.2887966632843, 633.0152077674866, 630.8375840187073, 632.5684416294098, 633.1457843780518, 633.1525478363037, 632.338716506958, 630.3030896186829, 631.5645582675934, 632.3139669895172, 632.8593602180481, 630.6942648887634, 629.659884929657, 632.5832431316376, 631.995728969574, 629.8861553668976, 629.1315886974335, 631.1771926879883, 633.2426607608795, 630.2385261058807], "accuracies": [0.20799273387829245, 0.21707538601271573, 0.24795640326975477, 0.24341507720254316, 0.23796548592188918, 0.24159854677565848, 0.23887375113533152, 0.24250681198910082, 0.24159854677565848, 0.23887375113533152, 0.2652134423251589, 0.2633969118982743, 0.2633969118982743, 0.26975476839237056, 0.2652134423251589, 0.2688465031789282, 0.26612170753860126, 0.26793823796548594, 0.26793823796548594, 0.2724795640326976, 0.27702089009990916, 0.26975476839237056, 0.2688465031789282, 0.2724795640326976, 0.2633969118982743, 0.26975476839237056, 0.2652134423251589, 0.2688465031789282, 0.2706630336058129, 0.2652134423251589, 0.27338782924613986, 0.27520435967302453, 0.28428701180744775, 0.27338782924613986, 0.26975476839237056, 0.27883742052679383, 0.2688465031789282, 0.27157129881925524, 0.2742960944595822, 0.2851952770208901, 0.2706630336058129, 0.2742960944595822, 0.2652134423251589, 0.2761126248864669, 0.28337874659400547, 0.2652134423251589, 0.2779291553133515, 0.28247048138056313, 0.26793823796548594, 0.29336966394187103, 0.26793823796548594, 0.2851952770208901, 0.27974568574023617, 0.2742960944595822, 0.2688465031789282, 0.2688465031789282, 0.26793823796548594, 0.28065395095367845, 0.27974568574023617, 0.2670299727520436]}