{"losses": [694.5881867408752, 633.3838977813721, 626.0881540775299, 622.6809206008911, 614.3834068775177, 603.2291250228882, 579.3321485519409, 570.3825399875641, 564.0853068828583, 560.4701195955276, 552.5523554086685, 550.0276124477386, 549.5663237571716, 544.176612496376, 546.4719051122665, 540.7104653120041, 538.5430629253387, 539.4890648126602, 536.3980355262756, 533.4685571193695, 535.0885585546494, 531.8840235471725, 529.7537115812302, 527.5702183246613, 529.8627941608429, 527.1165410280228, 523.6825295686722, 524.0230840444565, 525.8883873224258, 522.4821627140045, 522.4042580127716, 522.8659927845001, 518.1368482112885, 521.3788615465164, 514.5838613510132, 514.1491755247116, 519.3808634281158, 513.2801787853241, 511.2815372943878, 512.9135411977768, 511.59110367298126, 510.64020574092865, 505.4846296310425, 509.0172210931778, 509.3482121229172, 506.8374319076538, 503.5075422525406, 504.3757643699646, 501.671630859375, 502.5948334932327, 503.68462681770325, 499.881658911705, 498.3169856071472, 498.49944508075714, 498.1473118066788, 495.9651435613632, 492.1334116458893, 495.96217381954193, 493.5082029104233, 490.3775168657303], "accuracies": [0.24432334241598547, 0.26430517711171664, 0.26975476839237056, 0.27338782924613986, 0.32515894641235243, 0.3578564940962761, 0.37693006357856496, 0.3978201634877384, 0.40054495912806537, 0.3814713896457766, 0.3796548592188919, 0.405086285195277, 0.40599455040871935, 0.4268846503178928, 0.407811080835604, 0.43505903723887374, 0.4178019981834696, 0.4296094459582198, 0.4296094459582198, 0.43505903723887374, 0.4268846503178928, 0.44232515894641233, 0.43415077202543145, 0.4259763851044505, 0.4214350590372389, 0.4114441416893733, 0.4332425068119891, 0.44323342415985467, 0.42052679382379654, 0.41689373297002724, 0.4223433242506812, 0.42415985467756584, 0.43142597638510444, 0.4268846503178928, 0.43869209809264303, 0.4187102633969119, 0.4187102633969119, 0.42415985467756584, 0.44323342415985467, 0.44595821980018163, 0.44323342415985467, 0.44686648501362397, 0.4223433242506812, 0.43415077202543145, 0.4296094459582198, 0.4396003633060854, 0.42415985467756584, 0.43778383287920075, 0.4141689373297003, 0.4514078110808356, 0.44141689373297005, 0.4514078110808356, 0.42779291553133514, 0.4477747502270663, 0.4368755676657584, 0.4250681198910082, 0.43778383287920075, 0.4368755676657584, 0.4396003633060854, 0.44868301544050865]}